nama_link,file_target,status_link,catatan
Pusat Cukai 22 Mei,cukai-22-mei.html,AKTIF,"Pintu khusus semua link cukai setelah update CK-1 900935."
Manifest Cukai 22 Mei,manifest-cukai-22-mei.html,AKTIF,"Halaman baca manifest khusus update cukai 22 Mei."
Manifest Cukai CSV,manifest_cukai_22_mei.csv,AKTIF,"CSV daftar resmi file update cukai dan statusnya."
Menu Admin Ringkas,menu-admin-ringkas.html?v=admin500_update_13,AKTIF,"Pintu utama admin sudah memuat Pusat Cukai 22 Mei."
CSCK-3 Full 22 Mei,csck3-full-22-mei.html,AKTIF,"Shortcut mengarah ke csck3-detail-full.html?v=csck3_full_22mei_1."
Dashboard Cukai 22 Mei,dashboard-cukai-22-mei.html,AKTIF,"Shortcut mengarah ke dashboard-cukai-ringkas.html?v=dashboard_cukai_22mei_1."
Dashboard Cukai Ringkas,dashboard-cukai-ringkas.html?v=dashboard_cukai_22mei_1,AKTIF,"Membaca saldo akhir terbaru otomatis dari csck3_matrix_full_part2.csv."
CSCK-3 Matrix Full,csck3_matrix_full_part2.csv,SUDAH MERGE TERBATAS,"Baris 22 Mei sudah ditambahkan untuk saldo awal, penerimaan CK-1 900935, pemakaian 0, dan saldo akhir kontrol."
CK4C Detail,ck4c-detail-produksi.html,TIDAK DIUBAH,"Penerimaan CK-1 tidak mengubah CK4C karena CK4C adalah pemakaian produksi."
