po_id,tanggal_update,customer,pasar_team,produk,kategori_produk,jenis_po,pack_per_karton,debet_po_pack,kredit_sj_pack,saldo_po_pack,tud_rencana_pack,kredit_tud_pack,saldo_tud_pack,saldo_total_aktif_pack,saldo_po_karton,target_kirim,status_po,status_validasi,status_piutang,no_sj_terkait,catatan
PO-REV-20260602-PMS-001,2026-06-02,Padang PMS,Padang PMS,CKT16 Ambri Kuning / New GCC 99 isi 16,NEW-GCC99-16-KUNING,PO UTAMA,600,90000,0,90000,0,0,0,90000,150,2026-06-04,REVISI PO / PRIORITAS 1,VALID AWAL INFO WA,BELUM MENJADI PIUTANG,,Revisi PMS terbaru dari Mas Sidki; target kirim Kamis 04/06/2026.
PO-REV-20260602-PMS-002,2026-06-02,Padang PMS,Padang PMS,CKT12 / Gedung Cengkeh Coklat 99 isi 12,GCC99-12,PO UTAMA,1000,80000,0,80000,0,0,0,80000,80,2026-06-04,REVISI PO / PRIORITAS 1,VALID AWAL INFO WA,BELUM MENJADI PIUTANG,,Tetap aktif; masuk agenda kirim Kamis jika stok dan pembayaran aman.
PO-REV-20260602-PMS-TUD16,2026-06-02,Padang PMS,Padang PMS,TUD Coklat 16,TUD-CKT16,TUD TAMBAHAN,600,600,0,600,600,0,600,600,1,2026-06-04,TUD TAMBAHAN,VALID AWAL INFO USER,BUKAN PIUTANG / TUD,,Tambahan operasional/TUD bukan pokok PO utama.
PO-REV-20260602-PMS-TUD12,2026-06-02,Padang PMS,Padang PMS,TUD Coklat 12,TUD-CKT12,TUD TAMBAHAN,1000,1000,0,1000,1000,0,1000,1000,1,2026-06-04,TUD TAMBAHAN,VALID AWAL INFO USER,BUKAN PIUTANG / TUD,,Tambahan operasional/TUD bukan pokok PO utama.
PO-AKTIF-20260529-003,2026-06-02,Pasar Banten,Banten / Mas Tomi,Gedung Cengkeh Coklat 99 isi 12,GCC99-12,PO UTAMA,1000,100000,0,100000,0,0,0,100000,100,,BELUM TERKIRIM / PRIORITAS 2,VALID AWAL,BELUM MENJADI PIUTANG,,Belum menjadi piutang sebelum ada DO/SJ resmi.
PO-AKTIF-20260529-004,2026-06-02,Tri Sukma Aji / Mojokerto,Team Aji,New Gedung Cengkeh Coklat 99 isi 16,NEW-GCC99-16,PO UTAMA,600,25800,0,25800,0,0,0,25800,43,,ALOKASI GUDANG AREA,VALID AWAL,BELUM MENJADI PIUTANG,,Menunggu finalisasi kebutuhan area dan jadwal SJ.
PO-AKTIF-20260529-010,2026-06-02,PSP,Padang PSP,New Gedung Cengkeh Coklat 99 isi 16 TSG Baru Ambree Biru,NEW-GCC99-16-BIRU,PO UTAMA,600,18000,0,18000,0,0,0,18000,30,,PO MASUK / BELUM TERKIRIM,VALID AWAL,BELUM MENJADI PIUTANG,,Varian khusus ambree biru tetap masuk kontrol aktif.
PO-NEW-20260601-PMI-001,2026-06-02,CV. Perdana Multi Indonesia,PMI / Bogor,Cengkeh Biru 77 isi 12,CB77-12,PO UTAMA,1000,1000,0,1000,0,0,0,1000,1,,PO MASUK BARU,VALID AWAL FOTO PO,BELUM MENJADI PIUTANG,,PO baru diteruskan ke produksi dan gudang.
PO-NEW-20260601-PMI-002,2026-06-02,CV. Perdana Multi Indonesia,PMI / Bogor,Cengkeh Biru 77 isi 16,CB16,PO UTAMA,600,1800,0,1800,0,0,0,1800,3,,PO MASUK BARU,VALID AWAL FOTO PO,BELUM MENJADI PIUTANG,,PO baru diteruskan ke produksi dan gudang.
